Product ID,Product Name,YouTube ID,YouTube URL,Product URL
6062,Angelica Divan with Mattress (Honey Finish),vwEkV0I-LEw,https://www.youtube.com/watch?v=vwEkV0I-LEw,https://www.woodenstreet.com/angelica-divan-honey-finish
9676,Cambrey Study Table with Two Drawers and Cabinet (Honey Finish),52Kh-BnTjgU,https://www.youtube.com/watch?v=52Kh-BnTjgU,https://www.woodenstreet.com/cambrey-study-table-honey-finish
9679,Cambrey Study Table with Two Drawers and Cabinet (Walnut Finish),52Kh-BnTjgU,https://www.youtube.com/watch?v=52Kh-BnTjgU,https://www.woodenstreet.com/cambrey-study-table-walnut-finish
10863,Walken Bedside Table (Honey Finish),CjEHX_8P3HY,https://www.youtube.com/watch?v=CjEHX_8P3HY,https://www.woodenstreet.com/walken-bedside-table-honey-finish
12637,Feltro 1 Seater Wooden Sofa (Honey Irish Cream),RxTMLlxPjgE,https://www.youtube.com/watch?v=RxTMLlxPjgE,https://www.woodenstreet.com/feltro-1-seater-wooden-sofa-honey-finish
13143,Alkin Study Table with Keyboard Tray and Side Storage (Honey Finish),STUG8shm0hg,https://www.youtube.com/watch?v=STUG8shm0hg,https://www.woodenstreet.com/alkin-study-table-honey-finish
13146,Alkin Study Table with Keyboard Tray and Side Storage (Walnut Finish),STUG8shm0hg,https://www.youtube.com/watch?v=STUG8shm0hg,https://www.woodenstreet.com/alkin-study-table-walnut-finish
14621,"Orchid Arm Chair (Irish Cream, Rosy Leaf)",g6tYz1-GXrA,https://www.youtube.com/watch?v=g6tYz1-GXrA,https://www.woodenstreet.com/orchid-arm-chair-irish-cream-rosy-leaf
14717,Adoree Lounge Chair (Dusky Leaf),h30oqhe-DhE,https://www.youtube.com/watch?v=h30oqhe-DhE,https://www.woodenstreet.com/adoree-lounge-chair-dusky-leaf
16801,"Joan Lounge Chair (Cotton, Aqua Flower)",0U9X2wodiXc,https://www.youtube.com/watch?v=0U9X2wodiXc,https://www.woodenstreet.com/joan-lounge-chair-aqua-flower
16802,"Joan Lounge Chair (Cotton, Cream Blossom)",QePneeIqfrg,https://www.youtube.com/watch?v=QePneeIqfrg,https://www.woodenstreet.com/joan-lounge-chair-cream-blossom
17832,Jett Sheesham Wood Cabinet and Sideboard (Honey Finish),Kh5Y-L0hMmQ,https://www.youtube.com/watch?v=Kh5Y-L0hMmQ,https://www.woodenstreet.com/jett-sideboard
18516,Juniper Book Shelf (Honey Finish),qRA-S_4U_rk,https://www.youtube.com/watch?v=qRA-S_4U_rk,https://www.woodenstreet.com/juniper-book-shelf-honey
19768,"Henry 3 Seater Sofa (Velvet, Graphite Grey)",KZExidsPnRY,https://www.youtube.com/watch?v=KZExidsPnRY,https://www.woodenstreet.com/henry-3-seater-sofa-velvet-graphite-grey
20849,"Henry 2 Seater Sofa (Velvet, Graphite Grey)",KEpokgSmPsQ,https://www.youtube.com/watch?v=KEpokgSmPsQ,https://www.woodenstreet.com/henry-2-seater-sofa-graphite-grey
20851,"Henry 2 Seater Sofa (Velvet, Chestnut Brown)",KEpokgSmPsQ,https://www.youtube.com/watch?v=KEpokgSmPsQ,https://www.woodenstreet.com/henry-2-seater-sofa-chestnut-brown
22758,Alkin Office Table (Honey Finish),STUG8shm0hg,https://www.youtube.com/watch?v=STUG8shm0hg,https://www.woodenstreet.com/alkin-office-table-honey-finish
22761,Alkin Office Table (Walnut Finish),STUG8shm0hg,https://www.youtube.com/watch?v=STUG8shm0hg,https://www.woodenstreet.com/alkin-office-table-walnut-finish
22923,Nettle Office Table Cum Shelf (Honey Finish),1vrnO1LERGA,https://www.youtube.com/watch?v=1vrnO1LERGA,https://www.woodenstreet.com/nettle-office-table-cum-shelf-honey-finish
22987,Adoree Lounge Chair (Chestnut Brown),Eb9u5A7OqY0,https://www.youtube.com/watch?v=Eb9u5A7OqY0,https://www.woodenstreet.com/adoree-lounge-chair-chestnut-brown
25786,Bella Chaise Lounge (Salmon Pink),9l4inVIPqmQ,https://www.youtube.com/watch?v=9l4inVIPqmQ,https://www.woodenstreet.com/bella-chaise-lounge-salmon-pink
28372,"Henry 2 Seater Kids Sofa (Velvet, Chestnut Brown)",KEpokgSmPsQ,https://www.youtube.com/watch?v=KEpokgSmPsQ,https://www.woodenstreet.com/henry-2-seater-kids-sofa-velvet-chestnut-brown
28374,"Henry 2 Seater Kids Sofa (Velvet, Indigo Blue)",KEpokgSmPsQ,https://www.youtube.com/watch?v=KEpokgSmPsQ,https://www.woodenstreet.com/henry-2-seater-kids-sofa-velvet-indigo-blue
47786,"Henry 3 Seater Sofa (Velvet, Mulberry Pink)",Iu5J7A28mTw,https://www.youtube.com/watch?v=Iu5J7A28mTw,https://www.woodenstreet.com/henry-3-seater-sofa-velvet-mulberry-pink
47794,"Henry 2 Seater Sofa (Velvet, Dark Olive Green)",KEpokgSmPsQ,https://www.youtube.com/watch?v=KEpokgSmPsQ,https://www.woodenstreet.com/henry-2-seater-sofa-velvet-dark-olive-green
56886,Valencia 3 Seater Recliner Sofa (Saddle Brown),UZZtxbO3eAw,https://www.youtube.com/watch?v=UZZtxbO3eAw,https://www.woodenstreet.com/valencia-3-seater-recliner-sofa
57404,"Dexter 3 Seater Fabric Sofa (Cotton, Sand Beige)",EARpHF_q-F8,https://www.youtube.com/watch?v=EARpHF_q-F8,https://www.woodenstreet.com/dexter-3-seater-sofa-cotton-sand-beige
68863,Feltro Wooden Sofa Chair (Honey Irish Cream),RxTMLlxPjgE,https://www.youtube.com/watch?v=RxTMLlxPjgE,https://www.woodenstreet.com/feltro-wooden-sofa-chair-honey-irish-cream
83632,Adoree Wing Back Chair (Chestnut Brown),Eb9u5A7OqY0,https://www.youtube.com/watch?v=Eb9u5A7OqY0,https://www.woodenstreet.com/adoree-wing-back-chair-chestnut-brown
